,Normal,PDD_16,PDD_17,PDD_18,MD_9,MD_11,MD_10,PDD_2,PDD_19,MD_7,MD_5,MD_8,MD_13,MD_4,MA_26,MA_25,PA_54,PD_7,PDD_1,PDD_20,PDD_22,PDD_23,PDD_24,PDD_25,PDD_26,PDD_27,PDD_28,PDD_3,PDD_30,PDD_31,PDD_32,PDD_33,PDD_34,PDD_35,PDD_36,PDD_37,PDD_38,PDD_39,PDD_4,PDD_40,PDD_41,PDD_42,PDD_43,PDD_44,PDD_45,PDD_46,PDD_47,PDD_48,PDD_49,PDD_5,PDD_50,PDD_51,PDD_52,PDD_53,PDD_54,PDD_55,PDD_56,PDD_57,PDD_58,PDD_59,PDD_6,PDD_60,PDD_61,PDD_62,PDD_63,PDD_64,PDD_65,PDD_67,PDD_68,PDD_69,PDD_7,PDD_70,PDD_71,PDD_72,PDD_73,PDD_74,PDD_75,PDD_76,PDD_77,PDD_78,PDD_79,PDD_8,PDD_80,PDD_81,PDD_82,PDD_83,PDD_84,PDD_85,PDD_86,PDD_87,PDD_88,PDD_89,PDD_9,PDD_90,PDD_91,PDD_92,PDD_93,PDD_94,PDD_95,PDD_96,MD_3,MD_12,PA_27,PA_32,MA_92,PA_77,MA_39,MA_44,MA_42,PA_43,PA_55,PA_52,MA_41,PA_71,PA_46,PA_49,PA_74,PA_73,PA_51,PA_48,PA_63,PA_40,MA_32,MA_34,MA_95,MA_47,MA_31,MA_87,MA_89,MA_46,MA_93,MA_36,MA_38,MA_43,MA_30,PA_29,PA_42,PA_57,PA_59,PA_61,PA_53,PA_62,PA_64,PA_38,PA_39,PA_41,PA_28,PA_47,PA_26,PA_58,PA_65,PA_68,PA_70,MA_88,MA_48,MA_94,MA_27,MA_29,MA_37,MA_45,MA_40,MA_90,MA_91,MA_85,MA_28,MA_33,MA_35,MA_86,PD_14,PD_5,PD_8,PD_20,PD_9,PD_17,PD_16,PD_18,PD_1,PDD_13,PDD_12,PDD_15,PDD_14,PDD_10,PDD_11
CIITA_chr16_11002009,0,0,0,0,-,0,0,0,0,-,0,-,0,0,0,-,0,-,0,0,0,0,0,0,0,0,-,0,-,-,0,0,0,0,0,0,0,0,0,0,0,0,0,0,0,0,0,0,0,0,-,0,0,0,0,-,0,0,0,0,0,0,0,0,0,0,0,0,0,0,0,-,0,0,0,0,0,0,0,0,0,0,0,0,0,0,0,0,0,0,0,0,0,0,0,0,0,0,-,0,-,0,0,0,0,0,0,0,0,0,0,0,0,0,0,0,0,0,0,0,-,0,0,0,0,0,0,0,0,0,0,0,0,0,0,-,0,0,0,0,0,0,0,0,0,0,0,0,0,0,0,0,0,0,0,0,0,0,0,0,0,0,0,0,-,0,0,0,-,0,-,0,-,-,-,0,0,1,1,1,1,1,1
ALK_chr2_29416591,0,0,0,0,0,0,0,0,0,0,0,0,0,0,0,0,0,0,0,0,0,0,0,0,0,0,-,0,0,0,0,0,0,0,0,0,0,0,0,0,0,0,0,0,0,0,0,0,0,0,0,0,0,0,0,0,0,0,0,0,0,0,0,0,0,0,0,0,0,0,0,0,0,0,0,0,0,0,0,0,0,0,0,0,0,0,0,0,0,0,0,0,0,0,0,0,0,0,0,0,0,0,0,0,0,0,0,0,0,0,0,0,0,0,0,0,0,0,0,0,0,0,0,0,0,0,0,0,0,0,0,0,0,0,0,0,0,0,0,0,0,0,0,0,0,0,0,0,0,0,0,0,0,0,0,0,0,0,0,0,0,0,0,0,0,0,0,0,1,1,0,1,1,1,0,1,1,0,0,0,0,0,0
ATR_chr3_142269072,0,0,0,0,0,0,0,0,0,0,0,0,0,0,0,0,0,0,0,0,0,0,0,0,0,0,0,0,0,0,0,0,0,0,0,0,0,0,0,-,0,0,0,-,0,0,0,0,0,0,0,0,0,0,0,0,0,0,0,0,0,-,0,0,0,0,0,0,0,0,0,0,0,0,0,0,0,0,0,0,0,0,0,0,0,0,0,0,0,0,0,0,0,0,0,0,0,0,-,0,0,0,0,0,0,0,0,0,0,0,0,0,0,0,0,0,0,0,0,0,0,0,0,0,0,0,0,0,0,0,0,0,0,0,0,0,0,0,0,0,0,0,0,0,0,0,0,0,0,0,0,0,0,0,0,0,0,0,0,0,0,0,0,0,0,0,0,0,0,0,1,1,1,0,1,1,1,0,0,0,0,0,0
EPHB6_chr7_142566125,0,0,0,0,0,-,-,0,0,-,-,0,-,-,0,-,0,0,0,0,0,0,0,0,0,0,-,0,0,-,0,0,0,0,0,0,0,0,0,0,0,0,0,0,0,0,0,0,0,0,0,0,0,0,0,0,0,0,0,0,0,0,-,0,0,0,0,-,0,0,0,0,0,0,0,0,0,0,0,0,0,0,0,0,0,0,0,0,0,-,0,0,0,0,0,0,-,0,0,0,0,0,-,0,0,-,0,0,0,0,0,0,0,0,0,0,0,0,0,0,0,0,0,0,0,0,0,0,0,0,0,0,0,0,0,0,0,0,-,0,0,0,0,0,-,0,0,0,0,0,-,0,0,0,0,0,0,0,0,0,0,-,0,0,0,0,0,0,0,0,0,1,1,1,1,1,1,-,0,0,0,0,0
NR3C2_chr4_149357051,0,0,0,0,0,0,0,0,0,0,0,-,0,-,0,0,0,0,0,0,0,0,0,0,0,0,0,0,0,0,0,0,0,0,0,0,0,0,0,0,0,0,0,0,0,0,0,0,0,0,0,0,0,0,0,0,-,0,0,0,0,0,0,0,0,0,0,0,0,0,0,0,0,0,0,0,0,0,0,0,0,0,0,0,0,0,0,0,0,0,0,0,0,0,0,0,0,0,0,0,0,0,0,0,0,0,1,0,0,0,0,0,0,0,0,0,0,0,0,0,0,0,0,0,0,0,0,0,0,0,0,0,0,0,0,0,0,0,0,0,0,0,0,0,-,0,0,0,-,0,0,0,0,0,0,0,-,0,0,0,0,0,0,0,0,0,0,0,0,0,-,0,1,1,1,1,1,0,0,0,0,0,0
SPEN_chr1_16202934,0,0,0,0,0,0,0,0,0,-,0,0,0,0,0,0,0,0,-,0,0,0,0,-,0,0,0,0,0,0,0,0,0,0,0,0,0,0,0,-,0,0,0,0,0,0,0,0,0,0,0,0,0,0,0,0,0,0,0,0,0,-,-,0,0,0,0,0,0,0,0,0,0,0,0,0,0,0,0,0,0,0,0,0,0,0,-,0,0,0,0,0,0,0,0,0,0,0,0,0,0,0,0,0,0,0,0,0,0,0,0,0,0,0,0,0,0,0,0,0,0,0,0,0,0,0,0,0,0,0,0,0,0,0,0,0,-,0,0,0,0,0,0,0,0,0,0,0,0,0,0,0,1,0,0,0,0,0,0,-,0,0,0,0,0,-,0,0,1,0,0,0,0,1,1,1,1,0,0,0,0,0,0
TP53_chr17_7577548,0,0,0,0,0,0,0,0,0,0,0,0,0,0,0,0,-,0,0,0,0,0,0,0,0,0,0,0,0,0,0,0,-,0,0,0,0,0,0,0,0,0,0,0,0,0,0,0,0,0,0,0,0,0,0,0,0,0,0,0,0,0,0,0,0,0,0,-,0,0,0,0,0,0,0,0,0,-,0,0,0,0,0,0,0,0,0,0,0,-,0,0,0,0,0,0,0,-,0,0,1,1,1,1,1,1,1,1,1,1,1,1,1,1,1,1,1,1,1,1,1,1,1,1,1,1,1,1,1,1,1,1,1,1,1,1,1,1,1,1,1,1,1,1,1,1,1,1,1,1,1,1,1,1,-,1,1,1,1,1,1,-,1,1,1,1,1,1,0,0,0,0,0,0,0,1,0,0,0,0,0,0,0
TOX_chr8_59851979,0,0,0,0,-,0,0,0,0,0,0,0,-,-,0,0,0,0,-,0,0,0,0,0,0,0,0,0,0,0,0,0,0,0,0,0,0,0,0,0,0,0,0,0,0,0,0,0,0,0,0,0,0,0,0,0,0,0,0,0,0,0,0,0,0,0,0,0,0,0,0,0,0,0,0,0,0,0,0,0,0,0,0,0,0,0,0,0,0,0,0,0,0,0,0,0,0,0,0,0,0,1,1,1,1,0,1,-,1,0,1,-,1,0,1,1,1,1,0,1,1,1,1,1,1,1,1,1,1,1,1,1,1,1,1,1,1,1,1,1,1,0,0,1,0,1,1,1,1,1,0,0,1,1,1,1,1,1,0,1,1,1,1,1,-,0,0,1,0,0,-,0,0,1,1,0,1,0,-,-,0,0,0
APC_chr5_112164646,0,0,0,0,0,0,0,0,0,0,0,0,0,0,0,0,0,-,0,0,0,0,0,0,0,0,0,0,0,0,0,0,0,0,0,0,0,0,0,0,0,-,0,0,0,0,0,0,0,0,0,-,-,0,0,0,0,0,-,0,0,-,0,-,-,-,0,0,0,0,0,-,0,0,0,0,0,0,0,0,0,0,0,0,0,0,0,0,0,0,-,0,0,0,0,0,0,0,0,0,0,0,1,1,1,1,1,1,1,1,-,1,-,1,-,1,1,0,1,1,0,1,1,1,1,0,-,1,1,1,1,0,1,1,1,1,0,1,0,1,1,1,0,1,1,1,1,1,0,1,1,1,1,1,1,1,1,1,-,1,1,1,0,0,1,1,1,1,-,-,0,-,-,0,1,0,0,0,0,0,0,0,0
LINGO2_chr9_29117698,0,0,0,0,0,0,0,0,-,0,0,-,0,-,0,-,0,0,-,0,0,0,0,0,0,0,-,0,0,0,0,-,0,0,0,0,0,0,-,0,0,0,0,0,0,0,0,0,0,0,0,0,0,0,0,-,0,0,0,0,0,-,0,0,0,0,1,0,0,0,0,-,0,0,0,0,0,0,0,-,0,0,0,0,0,0,0,0,0,-,0,0,0,-,0,0,0,0,0,0,0,0,0,1,1,1,1,1,1,1,1,1,1,1,0,-,1,0,1,1,1,1,1,1,1,1,1,-,1,1,1,1,1,1,1,0,1,1,1,1,1,1,0,1,1,1,1,1,1,1,0,1,1,1,1,-,1,1,1,1,1,1,1,-,1,1,1,1,0,0,-,0,-,0,0,0,0,-,0,0,0,0,-
NRAS_chr1_115258747,0,0,0,0,0,0,0,0,0,0,0,0,0,0,0,0,1,0,0,0,0,0,0,0,0,0,0,0,0,0,0,0,0,0,0,0,0,0,0,0,0,0,0,0,0,0,0,0,0,0,0,0,0,0,0,0,0,0,0,0,0,0,0,0,0,0,0,0,0,0,0,0,0,0,0,0,0,0,0,0,0,0,0,0,0,0,0,0,0,0,0,0,0,0,0,0,0,0,0,0,0,0,0,1,1,1,1,1,1,1,1,1,-,1,1,1,1,1,1,1,1,1,1,1,1,1,1,1,1,1,1,1,1,1,1,1,1,1,1,1,1,1,1,1,1,1,1,1,1,1,1,1,1,1,1,1,1,1,1,1,1,-,1,1,1,1,1,1,0,0,0,0,0,0,0,0,0,0,0,0,0,0,0
IL21R_chr16_27448836,0,0,-,0,0,0,0,-,0,-,0,0,-,0,0,0,0,-,-,0,0,0,0,0,0,0,0,0,0,0,0,0,0,0,-,0,0,0,0,0,0,0,0,0,0,0,0,0,0,0,0,0,0,0,-,0,0,0,0,0,0,-,-,-,0,0,0,-,0,0,0,0,0,0,-,0,-,0,0,0,0,0,0,0,0,0,0,-,0,0,-,-,0,-,0,0,-,0,0,0,0,0,0,1,1,1,1,1,1,1,1,1,-,1,1,1,0,-,1,1,1,1,1,1,0,-,1,1,1,1,1,1,1,1,0,1,1,1,-,-,1,1,-,0,1,1,-,1,1,-,1,1,1,1,1,1,1,0,0,1,-,1,1,1,1,-,-,1,-,-,0,-,-,-,0,0,1,-,0,-,0,0,0
CDK4_chr12_58144548,0,0,0,0,0,0,0,0,0,0,0,0,0,0,0,0,1,0,0,0,0,0,0,0,0,0,0,0,0,0,0,0,0,0,0,0,0,0,0,0,0,0,0,0,0,0,0,0,0,0,0,0,0,0,0,0,0,0,0,0,0,0,0,0,0,0,0,0,0,0,0,0,0,0,0,0,0,0,0,0,0,0,0,0,0,0,0,0,0,0,0,0,0,0,0,0,0,0,0,0,0,1,0,0,0,1,1,1,0,-,1,1,1,1,1,1,1,1,1,1,1,0,1,1,1,1,0,-,0,1,1,1,0,1,1,0,1,0,1,1,1,1,1,1,1,1,1,1,1,1,1,1,0,1,1,1,1,1,1,1,1,1,0,1,1,1,1,1,0,0,0,0,0,0,0,0,0,0,0,0,0,0,0
MYH11_chr16_15917267,0,0,0,0,0,0,0,0,0,0,-,0,0,0,0,0,0,0,-,0,0,0,0,0,0,0,0,0,0,0,0,0,0,0,0,0,0,0,0,0,0,0,0,0,0,0,0,0,0,0,0,0,0,0,0,0,-,0,0,0,0,0,0,0,0,0,0,-,0,0,0,-,0,0,0,0,0,0,0,0,0,0,0,0,0,0,0,0,0,-,0,0,0,0,0,0,0,0,0,-,0,0,-,0,0,0,1,1,1,1,1,1,1,1,-,1,1,-,1,1,1,1,1,1,-,0,0,0,1,0,1,1,0,0,1,1,1,1,0,1,1,1,1,1,1,1,1,1,0,0,1,-,1,-,1,1,0,1,0,0,1,1,1,1,1,0,1,1,0,-,0,0,0,-,-,0,0,0,0,0,0,0,0
STRN_chr2_37105068,0,0,0,0,-,0,0,0,0,0,0,-,0,0,0,-,1,-,0,0,0,0,0,0,0,0,0,0,0,0,0,0,0,0,0,0,0,0,0,0,0,0,0,0,0,0,0,0,0,0,0,0,0,0,0,0,0,0,0,0,0,0,0,0,0,0,0,0,0,0,0,0,0,0,0,0,0,0,-,0,0,0,0,0,0,0,0,0,0,0,0,0,0,0,0,0,0,0,0,0,0,-,0,0,1,0,0,0,1,1,1,1,0,1,1,1,0,1,1,1,1,1,0,1,1,1,1,-,1,1,1,1,0,-,1,0,1,1,1,1,1,1,1,1,1,0,1,0,1,1,1,1,1,1,1,1,1,-,1,1,1,1,1,1,1,1,1,0,-,0,-,0,-,-,0,0,0,0,0,0,0,0,0
MN1_chr22_28193785,0,0,0,0,0,-,0,0,0,0,0,0,0,0,0,0,0,0,0,0,0,0,0,0,0,0,0,0,-,-,0,0,0,0,0,0,0,0,0,-,0,0,0,0,0,0,0,0,0,0,0,0,0,0,0,0,0,0,0,0,0,-,0,0,-,-,0,-,0,-,0,0,-,0,0,0,0,0,0,0,0,0,0,0,0,0,0,-,0,0,0,0,0,0,0,0,0,0,0,0,0,1,1,1,0,0,0,0,0,0,0,1,1,1,1,1,1,1,1,-,1,-,0,0,-,-,0,0,1,1,0,1,1,0,1,1,1,1,1,1,1,1,1,1,1,1,1,1,1,1,1,1,1,-,0,1,1,1,-,1,-,1,1,1,1,0,-,1,0,0,0,0,0,0,0,-,0,0,0,-,0,0,0
LINGO2_chr9_29123273,0,0,0,0,0,0,0,0,-,-,0,0,-,-,0,0,0,-,-,0,0,0,0,0,0,0,0,0,0,0,0,0,0,0,0,0,0,0,0,0,0,0,0,0,0,0,0,0,0,0,0,0,-,0,0,0,0,0,0,0,0,-,0,0,0,0,0,0,0,0,0,-,0,0,0,0,0,0,0,0,0,0,0,0,0,0,0,0,0,0,0,0,0,0,0,0,0,0,0,0,0,0,0,0,0,0,0,0,0,0,0,0,0,0,0,0,0,0,0,0,0,0,0,1,1,1,0,1,0,1,-,1,0,0,0,0,0,0,0,0,0,0,0,0,0,0,0,0,0,0,0,0,0,1,1,1,1,0,1,1,1,1,0,1,1,1,1,1,-,0,0,0,0,0,0,0,0,0,0,0,0,0,0
PIK3CG_chr7_106508397,0,0,0,0,0,0,0,0,0,0,0,0,0,0,0,0,0,-,0,0,0,0,0,0,0,0,0,0,0,0,0,0,0,0,0,0,0,0,0,0,0,1,0,0,0,0,0,0,0,0,0,0,0,0,0,0,0,0,0,0,0,0,0,0,0,0,0,0,0,0,0,0,0,0,0,0,0,0,0,0,0,0,0,0,0,0,0,0,0,0,0,-,0,0,0,0,0,0,0,0,0,0,0,0,0,0,0,0,0,-,0,0,0,0,0,0,0,0,0,0,0,0,0,0,0,0,0,0,0,0,0,0,0,0,0,0,0,0,0,0,-,0,0,0,0,-,0,0,0,0,-,0,0,-,0,-,0,-,1,0,1,1,1,1,1,-,0,0,0,-,0,-,0,0,0,0,0,-,0,0,0,0,0
LAMB4_chr7_107732769,0,0,0,0,0,0,0,-,0,0,0,0,0,0,-,0,-,0,0,0,0,0,0,0,-,0,0,0,0,-,0,0,-,0,0,0,-,0,0,0,0,0,-,0,0,0,0,0,-,0,0,-,0,0,0,0,0,0,0,0,0,-,0,0,0,0,0,0,0,0,0,0,0,-,0,0,-,-,0,0,-,0,0,0,0,0,0,0,-,-,0,-,0,-,-,0,0,0,0,0,0,0,0,0,0,0,0,0,0,-,0,0,-,0,0,0,0,-,0,0,0,0,0,0,0,0,0,0,0,0,-,0,0,0,0,0,-,0,0,0,0,0,0,0,0,0,0,0,0,-,0,0,-,0,0,0,0,0,0,0,1,0,1,1,1,-,1,0,0,-,0,0,0,0,0,-,0,0,0,-,0,0,0
LINGO2_chr9_28778389,0,0,0,0,0,0,0,0,0,-,-,0,0,0,0,0,0,-,0,0,0,0,0,0,0,0,0,0,0,0,0,0,0,0,0,0,0,0,0,0,0,0,0,0,0,0,0,0,0,0,0,0,0,0,0,0,0,0,0,0,0,0,0,-,0,0,0,0,0,0,0,0,0,0,0,0,0,0,0,0,0,0,0,0,0,-,0,0,0,0,0,0,0,0,0,0,0,0,0,0,-,0,0,0,0,0,0,0,0,0,0,0,0,0,0,0,0,0,0,0,0,0,0,0,0,0,0,0,0,0,0,0,0,0,0,0,0,0,0,0,0,0,0,0,0,0,0,0,0,0,0,0,0,0,0,0,0,0,0,-,0,1,1,1,1,1,1,1,0,0,0,0,0,0,0,0,0,0,0,0,0,0,0
SPEN_chr1_16258997,0,0,0,0,0,0,0,0,0,0,0,0,0,0,0,0,0,0,0,0,0,0,0,0,0,0,0,0,0,0,0,0,0,0,0,0,0,0,0,0,0,0,0,0,0,0,0,0,0,0,0,0,0,0,0,0,0,0,0,0,0,0,0,0,0,0,0,0,0,0,0,0,0,0,0,0,0,0,0,0,0,0,0,0,0,0,0,0,-,0,0,0,0,0,0,0,0,0,0,0,0,0,0,0,0,0,0,0,0,0,0,0,0,0,0,0,0,0,0,0,0,0,0,0,0,0,0,0,0,0,0,0,0,0,0,0,0,0,0,0,0,0,0,0,0,0,0,0,0,0,0,0,0,0,0,0,0,0,0,1,0,0,1,0,1,1,0,1,0,0,0,0,0,0,0,0,0,0,0,0,0,0,0
F8_chrX_154157378,0,0,0,0,-,0,-,0,0,0,-,0,0,0,0,0,0,0,0,0,0,0,0,0,0,0,-,0,0,0,0,0,0,0,0,0,0,0,0,0,0,0,0,0,0,0,0,0,0,0,0,0,-,0,0,0,0,0,0,0,0,0,0,0,0,0,0,0,0,-,-,0,0,0,0,0,0,0,0,-,0,0,0,0,-,-,0,0,0,-,0,0,0,0,0,0,0,0,0,0,-,-,0,0,0,0,0,0,0,0,0,0,0,0,0,0,0,0,0,0,0,0,0,0,0,0,0,0,0,0,0,0,0,-,0,0,0,0,0,0,-,0,0,0,0,0,0,0,0,0,0,0,0,0,0,0,1,0,0,0,0,0,0,1,1,1,1,1,-,0,0,0,-,-,0,-,0,0,0,0,0,0,0
PTPRD_chr9_10074741,0,0,0,0,0,0,0,0,0,0,0,0,0,-,-,0,0,0,0,0,0,0,0,0,0,0,0,0,0,0,0,0,0,0,0,0,0,0,0,0,0,0,0,0,-,0,0,0,0,0,0,0,0,0,0,0,0,0,0,0,0,-,0,0,0,-,0,0,0,0,0,-,0,0,0,0,0,0,0,0,0,0,0,0,0,0,0,0,0,0,-,0,0,0,0,-,0,0,0,0,0,0,-,0,1,0,1,0,1,0,0,0,0,0,0,0,0,0,0,1,0,0,0,1,1,0,0,1,0,1,0,0,1,0,-,0,0,0,0,0,0,0,0,0,0,0,0,0,0,0,0,0,0,0,0,1,0,0,0,0,0,0,0,0,0,1,1,1,-,0,0,0,-,0,-,0,0,0,0,0,0,0,0
LINGO2_chr9_28064983,0,0,0,0,0,0,0,0,0,0,0,-,0,-,-,0,0,-,-,0,0,0,0,0,0,0,0,0,0,0,0,-,-,0,0,0,0,0,0,0,0,0,0,0,0,0,0,0,0,0,0,0,0,0,-,0,0,0,0,0,-,0,0,0,0,0,0,0,0,0,0,0,-,0,0,0,0,0,0,0,0,0,0,0,0,0,0,0,0,0,0,0,0,0,0,0,-,0,0,0,-,-,0,0,0,0,0,0,0,0,0,0,0,0,0,-,0,0,0,0,0,0,0,0,0,0,0,0,0,0,0,0,0,0,0,0,0,0,0,0,0,0,0,0,0,0,0,0,0,0,0,0,0,0,0,0,0,1,1,1,0,0,0,-,0,0,0,1,-,-,0,0,0,-,0,0,0,0,0,-,0,0,0
IL7R_chr5_35876645,0,0,0,0,0,0,-,0,0,0,-,-,0,0,0,0,0,0,0,0,0,0,0,0,0,0,0,0,0,0,0,0,0,0,0,0,0,0,0,0,0,0,0,0,0,0,0,0,0,0,0,0,0,0,0,-,0,0,0,0,0,0,0,0,0,0,0,0,0,0,0,0,0,0,0,0,0,0,0,0,0,0,0,0,0,0,0,0,0,0,0,0,0,0,0,0,0,0,0,-,-,0,0,0,0,-,0,0,0,0,0,0,0,0,0,0,0,-,0,0,0,0,0,0,-,0,0,0,0,0,0,1,0,0,0,-,-,-,0,0,0,0,0,0,0,0,0,0,0,0,0,0,0,0,0,0,0,0,1,1,0,0,-,0,0,0,1,0,0,0,-,0,0,0,0,0,0,0,0,0,0,0,0
CHN1_chr2_175779934,0,0,0,0,0,-,0,0,0,-,0,0,-,-,0,0,0,-,0,0,0,0,0,0,0,0,0,0,0,0,0,0,0,-,0,0,0,0,0,0,0,0,0,0,0,0,0,0,0,0,0,0,0,0,0,0,0,0,0,0,0,0,0,0,0,0,0,0,0,0,0,0,0,0,0,0,0,0,0,0,0,0,0,0,0,0,0,0,0,0,0,0,0,0,0,0,0,0,-,0,0,0,0,0,1,1,0,0,0,-,0,0,1,1,1,1,1,1,0,1,1,0,0,-,0,0,1,1,0,1,0,1,0,0,1,1,1,0,1,1,1,1,0,1,1,1,1,1,1,1,0,1,1,0,0,0,0,0,1,0,1,0,0,1,0,-,-,1,-,0,0,-,0,0,-,-,0,-,0,0,0,0,0
FHIT_chr3_60412480,0,0,0,0,0,0,0,0,0,0,0,-,0,-,0,-,0,0,0,0,0,0,0,0,0,0,0,0,0,-,0,0,0,0,0,0,0,0,0,0,0,0,0,0,0,0,0,0,0,0,0,0,0,-,0,0,0,0,0,0,0,0,0,0,0,0,0,0,0,0,0,0,0,-,0,0,0,0,0,0,0,0,0,0,0,0,0,-,0,-,0,0,0,0,0,0,0,0,0,-,0,0,0,0,-,0,0,0,-,-,0,0,0,0,-,0,1,1,1,1,0,1,-,0,1,1,0,1,0,1,1,1,-,1,-,0,1,-,0,0,1,1,1,1,1,1,0,1,-,1,1,1,1,0,0,1,0,0,0,-,0,0,0,0,0,-,0,0,-,-,0,-,-,-,0,-,0,-,0,-,0,0,0
APC_chr5_112175328,0,-,0,0,0,0,0,0,0,0,0,0,0,0,0,0,0,0,0,0,0,0,0,0,0,0,0,0,0,0,0,-,0,0,0,0,0,0,0,0,0,-,0,0,0,0,0,0,0,0,0,0,0,0,0,0,0,0,0,0,0,0,0,0,-,-,0,0,0,0,0,0,0,0,0,0,0,0,0,0,0,0,0,0,0,0,0,0,0,0,0,0,0,0,0,0,0,0,0,0,0,0,0,0,0,0,0,1,0,0,1,0,0,0,0,0,0,0,0,1,1,1,1,1,1,1,1,1,0,0,1,1,-,1,1,1,1,1,1,0,1,1,-,1,1,1,1,1,1,1,0,1,1,1,1,0,0,0,1,0,0,0,1,0,0,1,0,1,0,0,0,0,0,0,0,0,0,0,0,0,0,0,0
ATP7B_chr13_52534322,0,0,0,0,0,0,0,0,0,0,-,-,-,0,-,-,0,0,0,0,0,0,0,0,0,0,0,0,0,-,0,0,0,0,0,0,0,0,0,0,0,0,0,0,0,0,0,0,0,0,0,0,0,0,0,0,0,0,0,0,0,0,0,0,0,0,0,0,0,0,0,0,0,0,-,0,0,0,0,0,0,0,0,0,0,0,0,0,0,0,0,0,0,0,0,0,0,0,0,0,0,0,0,1,0,0,0,0,0,0,1,0,0,-,-,0,0,0,0,0,0,1,1,1,1,1,1,0,1,1,1,1,1,1,1,1,0,1,1,1,0,0,1,1,0,1,1,0,1,1,0,0,0,1,0,1,0,0,0,0,0,1,0,0,0,0,0,0,-,0,0,-,-,0,0,0,0,-,0,-,0,0,0
LINGO2_chr9_29178757,0,0,0,0,-,0,0,0,0,0,0,-,-,-,0,0,-,0,0,0,0,0,0,0,0,0,0,0,0,0,0,0,0,0,0,0,0,-,0,0,0,0,0,0,0,0,0,0,0,0,0,0,0,0,0,-,0,0,0,0,0,0,0,0,0,-,0,-,0,0,0,0,0,0,0,0,0,0,0,0,0,0,0,0,0,0,-,0,0,0,0,0,0,0,0,0,0,0,0,0,0,0,0,0,0,1,0,0,-,0,0,1,-,0,-,1,0,-,-,0,0,0,0,0,0,0,0,0,0,0,0,0,0,0,0,1,1,1,1,1,1,1,1,0,1,1,1,-,-,1,1,1,1,0,0,0,0,0,0,0,0,0,1,0,0,0,0,0,-,0,0,0,0,-,-,-,0,0,0,0,0,0,0
LRP1B_chr2_141609298,0,0,0,0,0,0,-,0,0,0,0,0,0,0,0,0,0,0,0,0,0,0,0,0,0,0,0,0,0,0,0,0,0,0,0,0,-,0,0,0,0,0,0,0,0,0,0,0,0,0,0,0,0,0,0,0,0,0,0,0,0,0,-,0,0,0,0,0,0,0,0,0,0,0,0,0,0,0,0,0,0,0,0,-,0,0,0,0,0,0,0,0,0,0,0,0,0,0,0,0,0,0,0,0,0,0,-,0,0,0,1,0,0,1,0,1,0,0,1,1,1,0,0,0,0,0,0,0,0,0,0,0,0,0,0,0,0,0,0,0,-,0,0,1,1,1,1,1,1,1,1,1,1,0,0,0,0,0,-,0,0,0,0,0,0,0,0,0,0,0,0,0,0,0,0,0,0,-,0,0,0,0,0
NR4A3_chr9_102595561,0,0,-,0,0,0,-,0,0,0,-,-,0,0,0,0,0,0,0,0,0,0,0,0,0,0,0,0,0,0,0,0,0,0,0,0,0,0,0,0,0,0,0,0,0,0,0,0,0,0,0,0,0,0,0,0,0,0,0,0,0,0,0,0,0,0,0,0,0,0,0,-,0,0,0,0,0,0,0,0,0,0,0,0,0,0,0,0,-,0,0,0,0,0,0,0,0,-,0,-,0,0,0,0,1,0,0,0,0,0,0,0,0,0,0,0,0,0,0,0,0,0,1,1,1,1,1,1,1,-,1,0,1,1,-,0,0,0,0,0,0,0,0,0,0,0,0,0,0,0,0,0,0,-,1,0,0,0,0,0,0,1,0,0,0,0,0,0,0,-,0,-,0,-,0,0,0,0,0,0,0,0,0
FUS_chr16_31193877,0,0,0,0,-,0,-,0,0,0,0,-,-,0,-,0,0,-,0,0,0,0,-,0,0,0,0,0,0,-,0,0,0,0,-,0,0,0,0,0,0,0,0,0,0,0,0,0,0,0,0,-,-,0,0,0,-,-,0,0,0,0,0,0,0,0,0,-,0,0,0,-,-,0,-,0,0,0,0,0,-,0,0,0,-,-,0,0,0,0,0,0,0,0,0,0,0,0,0,0,-,0,0,0,0,0,-,1,1,0,0,0,1,0,0,0,0,0,0,0,0,0,0,1,1,1,1,1,1,1,1,1,0,1,0,0,0,0,0,0,0,0,0,0,0,0,0,0,0,0,0,0,0,0,1,0,0,1,0,1,0,1,1,0,0,1,1,0,-,-,-,-,0,0,0,0,0,-,0,0,0,0,0
PRKCB_chr16_24230186,0,0,0,0,0,0,0,0,0,-,0,0,0,0,0,0,0,0,0,0,0,0,0,0,0,0,0,0,0,0,0,0,0,0,0,0,0,0,0,0,0,0,0,0,0,0,0,0,-,0,0,0,0,0,0,0,0,0,0,0,0,0,0,0,0,0,0,-,0,0,0,0,0,0,0,0,0,0,0,0,0,0,0,0,0,0,0,0,0,0,0,0,0,0,0,0,0,0,0,0,0,0,-,0,0,0,0,0,0,0,0,0,1,0,0,0,0,0,0,0,0,0,0,0,0,0,0,1,1,1,-,1,1,1,1,0,0,0,0,0,0,0,0,0,0,0,0,0,0,0,0,0,0,0,0,1,1,0,0,0,0,0,0,0,0,0,0,0,0,0,0,0,0,0,0,0,0,0,0,0,0,0,0
HELZ_chr17_65119071,0,0,0,0,0,0,-,0,0,-,0,0,0,-,0,0,-,0,-,0,0,0,0,0,0,0,0,0,0,0,0,0,0,0,0,0,0,0,0,0,0,0,0,0,0,0,0,0,0,0,0,0,0,0,-,0,0,0,0,0,0,0,0,0,0,0,0,0,0,0,0,0,0,0,0,0,-,0,0,0,0,0,0,0,0,0,0,0,0,0,0,0,0,0,-,0,0,0,0,0,-,0,0,0,0,-,1,1,1,0,0,0,-,0,-,0,0,0,0,0,0,0,0,0,0,0,0,-,0,1,1,1,1,1,1,0,0,0,0,0,0,0,0,0,0,0,0,-,0,0,0,0,0,0,0,0,1,0,1,0,0,0,0,0,0,0,0,0,-,0,0,-,0,0,-,-,0,0,0,0,-,0,0
SHZ3_chr19_31768568,0,0,0,0,0,-,0,0,0,0,0,-,0,0,0,0,0,0,0,0,0,0,0,0,0,0,0,0,0,-,0,0,0,0,0,0,0,0,0,0,0,0,0,0,0,0,0,0,0,0,0,0,0,0,0,0,0,0,0,0,0,0,0,0,-,0,0,-,0,0,0,0,0,0,0,0,0,0,0,0,0,0,0,0,0,0,0,0,0,0,0,0,0,0,0,0,0,0,0,0,0,0,0,0,0,0,-,0,1,0,0,0,1,0,0,0,0,0,0,0,0,0,1,0,0,0,1,0,0,0,0,1,1,1,1,0,-,0,0,0,0,0,0,0,0,0,0,0,0,0,0,0,0,0,1,0,1,0,0,0,0,0,0,0,0,0,0,0,-,0,-,0,-,0,0,0,0,-,0,0,0,0,0
