"","inferred location","true location","sites","error","m10","missingindex","Genotype","lost_rate","lost_br","MO"
"1","0","20","20","0.05","0.01","0","Ternary","0","0","MO"
"2","0","20","20","0.05","0.01","0","Ternary","0","0","MO"
"3","0","20","20","0.05","0.01","0","Ternary","0","0","MO"
"4","0","20","20","0.05","0.01","0","Ternary","0","0","MO"
"5","0","20","20","0.05","0.01","0","Ternary","0","0","MO"
"6","0","20","20","0.05","0.01","0","Ternary","0","0","MO"
"7","0","20","20","0.05","0.01","0","Ternary","0","0","MO"
"8","0","20","20","0.05","0.01","0","Ternary","0","0","MO"
"9","0","20","20","0.05","0.01","0","Ternary","0","0","MO"
"10","0","20","20","0.05","0.01","0","Ternary","0","0","MO"
"11","1","20","20","0.05","0.01","0","Ternary","0","0","MO"
"12","0","20","20","0.05","0.01","0","Ternary","0","0","MO"
"13","0","20","20","0.05","0.01","0","Ternary","0","0","MO"
"14","0","20","20","0.05","0.01","0","Ternary","0","0","MO"
"15","2","20","20","0.05","0.01","0","Ternary","0","0","MO"
"16","0","20","20","0.05","0.01","0","Ternary","0","0","MO"
"17","0","20","20","0.05","0.01","0","Ternary","0","0","MO"
"18","0","20","20","0.05","0.01","0","Ternary","0","0","MO"
"19","2","20","20","0.05","0.01","0","Ternary","0","0","MO"
"20","0","20","20","0.05","0.01","0","Ternary","0","0","MO"
"21","0","20","20","0.05","0.1","0","Ternary","0","0","MO"
"22","0","20","20","0.05","0.1","0","Ternary","0","0","MO"
"23","0","20","20","0.05","0.1","0","Ternary","0","0","MO"
"24","0","20","20","0.05","0.1","0","Ternary","0","0","MO"
"25","0","20","20","0.05","0.1","0","Ternary","0","0","MO"
"26","0","20","20","0.05","0.1","0","Ternary","0","0","MO"
"27","0","20","20","0.05","0.1","0","Ternary","0","0","MO"
"28","1","20","20","0.05","0.1","0","Ternary","0","0","MO"
"29","0","20","20","0.05","0.1","0","Ternary","0","0","MO"
"30","0","20","20","0.05","0.1","0","Ternary","0","0","MO"
"31","0","20","20","0.05","0.1","0","Ternary","0","0","MO"
"32","0","20","20","0.05","0.1","0","Ternary","0","0","MO"
"33","0","20","20","0.05","0.1","0","Ternary","0","0","MO"
"34","0","20","20","0.05","0.1","0","Ternary","0","0","MO"
"35","1","20","20","0.05","0.1","0","Ternary","0","0","MO"
"36","0","20","20","0.05","0.1","0","Ternary","0","0","MO"
"37","0","20","20","0.05","0.1","0","Ternary","0","0","MO"
"38","0","20","20","0.05","0.1","0","Ternary","0","0","MO"
"39","0","20","20","0.05","0.1","0","Ternary","0","0","MO"
"40","0","20","20","0.05","0.1","0","Ternary","0","0","MO"
"41","0","20","20","0.05","1","0","Ternary","0","0","MO"
"42","0","20","20","0.05","1","0","Ternary","0","0","MO"
"43","0","20","20","0.05","1","0","Ternary","0","0","MO"
"44","0","20","20","0.05","1","0","Ternary","0","0","MO"
"45","0","20","20","0.05","1","0","Ternary","0","0","MO"
"46","0","20","20","0.05","1","0","Ternary","0","0","MO"
"47","0","20","20","0.05","1","0","Ternary","0","0","MO"
"48","0","20","20","0.05","1","0","Ternary","0","0","MO"
"49","0","20","20","0.05","1","0","Ternary","0","0","MO"
"50","0","20","20","0.05","1","0","Ternary","0","0","MO"
"51","0","20","20","0.05","1","0","Ternary","0","0","MO"
"52","0","20","20","0.05","1","0","Ternary","0","0","MO"
"53","0","20","20","0.05","1","0","Ternary","0","0","MO"
"54","0","20","20","0.05","1","0","Ternary","0","0","MO"
"55","0","20","20","0.05","1","0","Ternary","0","0","MO"
"56","0","20","20","0.05","1","0","Ternary","0","0","MO"
"57","0","20","20","0.05","1","0","Ternary","0","0","MO"
"58","0","20","20","0.05","1","0","Ternary","0","0","MO"
"59","0","20","20","0.05","1","0","Ternary","0","0","MO"
"60","0","20","20","0.05","1","0","Ternary","0","0","MO"
"61","0","20","20","0.1","0.01","0","Ternary","0","0","MO"
"62","0","20","20","0.1","0.01","0","Ternary","0","0","MO"
"63","0","20","20","0.1","0.01","0","Ternary","0","0","MO"
"64","0","20","20","0.1","0.01","0","Ternary","0","0","MO"
"65","0","20","20","0.1","0.01","0","Ternary","0","0","MO"
"66","0","20","20","0.1","0.01","0","Ternary","0","0","MO"
"67","0","20","20","0.1","0.01","0","Ternary","0","0","MO"
"68","0","20","20","0.1","0.01","0","Ternary","0","0","MO"
"69","0","20","20","0.1","0.01","0","Ternary","0","0","MO"
"70","0","20","20","0.1","0.01","0","Ternary","0","0","MO"
"71","0","20","20","0.1","0.01","0","Ternary","0","0","MO"
"72","1","20","20","0.1","0.01","0","Ternary","0","0","MO"
"73","0","20","20","0.1","0.01","0","Ternary","0","0","MO"
"74","0","20","20","0.1","0.01","0","Ternary","0","0","MO"
"75","0","20","20","0.1","0.01","0","Ternary","0","0","MO"
"76","0","20","20","0.1","0.01","0","Ternary","0","0","MO"
"77","0","20","20","0.1","0.01","0","Ternary","0","0","MO"
"78","0","20","20","0.1","0.01","0","Ternary","0","0","MO"
"79","0","20","20","0.1","0.01","0","Ternary","0","0","MO"
"80","0","20","20","0.1","0.01","0","Ternary","0","0","MO"
"81","0","20","20","0.1","0.1","0","Ternary","0","0","MO"
"82","0","20","20","0.1","0.1","0","Ternary","0","0","MO"
"83","0","20","20","0.1","0.1","0","Ternary","0","0","MO"
"84","0","20","20","0.1","0.1","0","Ternary","0","0","MO"
"85","0","20","20","0.1","0.1","0","Ternary","0","0","MO"
"86","0","20","20","0.1","0.1","0","Ternary","0","0","MO"
"87","0","20","20","0.1","0.1","0","Ternary","0","0","MO"
"88","0","20","20","0.1","0.1","0","Ternary","0","0","MO"
"89","0","20","20","0.1","0.1","0","Ternary","0","0","MO"
"90","0","20","20","0.1","0.1","0","Ternary","0","0","MO"
"91","0","20","20","0.1","0.1","0","Ternary","0","0","MO"
"92","0","20","20","0.1","0.1","0","Ternary","0","0","MO"
"93","0","20","20","0.1","0.1","0","Ternary","0","0","MO"
"94","0","20","20","0.1","0.1","0","Ternary","0","0","MO"
"95","0","20","20","0.1","0.1","0","Ternary","0","0","MO"
"96","0","20","20","0.1","0.1","0","Ternary","0","0","MO"
"97","0","20","20","0.1","0.1","0","Ternary","0","0","MO"
"98","0","20","20","0.1","0.1","0","Ternary","0","0","MO"
"99","0","20","20","0.1","0.1","0","Ternary","0","0","MO"
"100","0","20","20","0.1","0.1","0","Ternary","0","0","MO"
"101","0","20","20","0.1","1","0","Ternary","0","0","MO"
"102","0","20","20","0.1","1","0","Ternary","0","0","MO"
"103","0","20","20","0.1","1","0","Ternary","0","0","MO"
"104","0","20","20","0.1","1","0","Ternary","0","0","MO"
"105","0","20","20","0.1","1","0","Ternary","0","0","MO"
"106","0","20","20","0.1","1","0","Ternary","0","0","MO"
"107","0","20","20","0.1","1","0","Ternary","0","0","MO"
"108","0","20","20","0.1","1","0","Ternary","0","0","MO"
"109","0","20","20","0.1","1","0","Ternary","0","0","MO"
"110","0","20","20","0.1","1","0","Ternary","0","0","MO"
"111","0","20","20","0.1","1","0","Ternary","0","0","MO"
"112","0","20","20","0.1","1","0","Ternary","0","0","MO"
"113","0","20","20","0.1","1","0","Ternary","0","0","MO"
"114","0","20","20","0.1","1","0","Ternary","0","0","MO"
"115","0","20","20","0.1","1","0","Ternary","0","0","MO"
"116","0","20","20","0.1","1","0","Ternary","0","0","MO"
"117","0","20","20","0.1","1","0","Ternary","0","0","MO"
"118","0","20","20","0.1","1","0","Ternary","0","0","MO"
"119","0","20","20","0.1","1","0","Ternary","0","0","MO"
"120","0","20","20","0.1","1","0","Ternary","0","0","MO"
"121","0","20","20","0.2","0.01","0","Ternary","0","0","MO"
"122","0","20","20","0.2","0.01","0","Ternary","0","0","MO"
"123","0","20","20","0.2","0.01","0","Ternary","0","0","MO"
"124","0","20","20","0.2","0.01","0","Ternary","0","0","MO"
"125","0","20","20","0.2","0.01","0","Ternary","0","0","MO"
"126","0","20","20","0.2","0.01","0","Ternary","0","0","MO"
"127","0","20","20","0.2","0.01","0","Ternary","0","0","MO"
"128","0","20","20","0.2","0.01","0","Ternary","0","0","MO"
"129","0","20","20","0.2","0.01","0","Ternary","0","0","MO"
"130","0","20","20","0.2","0.01","0","Ternary","0","0","MO"
"131","0","20","20","0.2","0.01","0","Ternary","0","0","MO"
"132","0","20","20","0.2","0.01","0","Ternary","0","0","MO"
"133","0","20","20","0.2","0.01","0","Ternary","0","0","MO"
"134","0","20","20","0.2","0.01","0","Ternary","0","0","MO"
"135","0","20","20","0.2","0.01","0","Ternary","0","0","MO"
"136","0","20","20","0.2","0.01","0","Ternary","0","0","MO"
"137","0","20","20","0.2","0.01","0","Ternary","0","0","MO"
"138","0","20","20","0.2","0.01","0","Ternary","0","0","MO"
"139","0","20","20","0.2","0.01","0","Ternary","0","0","MO"
"140","0","20","20","0.2","0.01","0","Ternary","0","0","MO"
"141","0","20","20","0.2","0.1","0","Ternary","0","0","MO"
"142","0","20","20","0.2","0.1","0","Ternary","0","0","MO"
"143","0","20","20","0.2","0.1","0","Ternary","0","0","MO"
"144","0","20","20","0.2","0.1","0","Ternary","0","0","MO"
"145","0","20","20","0.2","0.1","0","Ternary","0","0","MO"
"146","0","20","20","0.2","0.1","0","Ternary","0","0","MO"
"147","0","20","20","0.2","0.1","0","Ternary","0","0","MO"
"148","0","20","20","0.2","0.1","0","Ternary","0","0","MO"
"149","0","20","20","0.2","0.1","0","Ternary","0","0","MO"
"150","0","20","20","0.2","0.1","0","Ternary","0","0","MO"
"151","0","20","20","0.2","0.1","0","Ternary","0","0","MO"
"152","0","20","20","0.2","0.1","0","Ternary","0","0","MO"
"153","0","20","20","0.2","0.1","0","Ternary","0","0","MO"
"154","0","20","20","0.2","0.1","0","Ternary","0","0","MO"
"155","0","20","20","0.2","0.1","0","Ternary","0","0","MO"
"156","0","20","20","0.2","0.1","0","Ternary","0","0","MO"
"157","0","20","20","0.2","0.1","0","Ternary","0","0","MO"
"158","0","20","20","0.2","0.1","0","Ternary","0","0","MO"
"159","0","20","20","0.2","0.1","0","Ternary","0","0","MO"
"160","0","20","20","0.2","0.1","0","Ternary","0","0","MO"
"161","0","20","20","0.2","1","0","Ternary","0","0","MO"
"162","0","20","20","0.2","1","0","Ternary","0","0","MO"
"163","0","20","20","0.2","1","0","Ternary","0","0","MO"
"164","0","20","20","0.2","1","0","Ternary","0","0","MO"
"165","0","20","20","0.2","1","0","Ternary","0","0","MO"
"166","0","20","20","0.2","1","0","Ternary","0","0","MO"
"167","0","20","20","0.2","1","0","Ternary","0","0","MO"
"168","0","20","20","0.2","1","0","Ternary","0","0","MO"
"169","0","20","20","0.2","1","0","Ternary","0","0","MO"
"170","0","20","20","0.2","1","0","Ternary","0","0","MO"
"171","0","20","20","0.2","1","0","Ternary","0","0","MO"
"172","0","20","20","0.2","1","0","Ternary","0","0","MO"
"173","0","20","20","0.2","1","0","Ternary","0","0","MO"
"174","0","20","20","0.2","1","0","Ternary","0","0","MO"
"175","0","20","20","0.2","1","0","Ternary","0","0","MO"
"176","0","20","20","0.2","1","0","Ternary","0","0","MO"
"177","0","20","20","0.2","1","0","Ternary","0","0","MO"
"178","0","20","20","0.2","1","0","Ternary","0","0","MO"
"179","0","20","20","0.2","1","0","Ternary","0","0","MO"
"180","0","20","20","0.2","1","0","Ternary","0","0","MO"
"181","0","20","20","0.4","0.01","0","Ternary","0","0","MO"
"182","0","20","20","0.4","0.01","0","Ternary","0","0","MO"
"183","0","20","20","0.4","0.01","0","Ternary","0","0","MO"
"184","0","20","20","0.4","0.01","0","Ternary","0","0","MO"
"185","0","20","20","0.4","0.01","0","Ternary","0","0","MO"
"186","0","20","20","0.4","0.01","0","Ternary","0","0","MO"
"187","0","20","20","0.4","0.01","0","Ternary","0","0","MO"
"188","0","20","20","0.4","0.01","0","Ternary","0","0","MO"
"189","0","20","20","0.4","0.01","0","Ternary","0","0","MO"
"190","0","20","20","0.4","0.01","0","Ternary","0","0","MO"
"191","0","20","20","0.4","0.01","0","Ternary","0","0","MO"
"192","0","20","20","0.4","0.01","0","Ternary","0","0","MO"
"193","0","20","20","0.4","0.01","0","Ternary","0","0","MO"
"194","0","20","20","0.4","0.01","0","Ternary","0","0","MO"
"195","0","20","20","0.4","0.01","0","Ternary","0","0","MO"
"196","0","20","20","0.4","0.01","0","Ternary","0","0","MO"
"197","0","20","20","0.4","0.01","0","Ternary","0","0","MO"
"198","0","20","20","0.4","0.01","0","Ternary","0","0","MO"
"199","0","20","20","0.4","0.01","0","Ternary","0","0","MO"
"200","0","20","20","0.4","0.01","0","Ternary","0","0","MO"
"201","0","20","20","0.4","0.1","0","Ternary","0","0","MO"
"202","0","20","20","0.4","0.1","0","Ternary","0","0","MO"
"203","0","20","20","0.4","0.1","0","Ternary","0","0","MO"
"204","0","20","20","0.4","0.1","0","Ternary","0","0","MO"
"205","0","20","20","0.4","0.1","0","Ternary","0","0","MO"
"206","0","20","20","0.4","0.1","0","Ternary","0","0","MO"
"207","0","20","20","0.4","0.1","0","Ternary","0","0","MO"
"208","0","20","20","0.4","0.1","0","Ternary","0","0","MO"
"209","0","20","20","0.4","0.1","0","Ternary","0","0","MO"
"210","0","20","20","0.4","0.1","0","Ternary","0","0","MO"
"211","0","20","20","0.4","0.1","0","Ternary","0","0","MO"
"212","0","20","20","0.4","0.1","0","Ternary","0","0","MO"
"213","0","20","20","0.4","0.1","0","Ternary","0","0","MO"
"214","0","20","20","0.4","0.1","0","Ternary","0","0","MO"
"215","0","20","20","0.4","0.1","0","Ternary","0","0","MO"
"216","0","20","20","0.4","0.1","0","Ternary","0","0","MO"
"217","0","20","20","0.4","0.1","0","Ternary","0","0","MO"
"218","0","20","20","0.4","0.1","0","Ternary","0","0","MO"
"219","0","20","20","0.4","0.1","0","Ternary","0","0","MO"
"220","0","20","20","0.4","0.1","0","Ternary","0","0","MO"
"221","0","20","20","0.4","1","0","Ternary","0","0","MO"
"222","0","20","20","0.4","1","0","Ternary","0","0","MO"
"223","0","20","20","0.4","1","0","Ternary","0","0","MO"
"224","0","20","20","0.4","1","0","Ternary","0","0","MO"
"225","0","20","20","0.4","1","0","Ternary","0","0","MO"
"226","0","20","20","0.4","1","0","Ternary","0","0","MO"
"227","0","20","20","0.4","1","0","Ternary","0","0","MO"
"228","0","20","20","0.4","1","0","Ternary","0","0","MO"
"229","0","20","20","0.4","1","0","Ternary","0","0","MO"
"230","0","20","20","0.4","1","0","Ternary","0","0","MO"
"231","0","20","20","0.4","1","0","Ternary","0","0","MO"
"232","0","20","20","0.4","1","0","Ternary","0","0","MO"
"233","0","20","20","0.4","1","0","Ternary","0","0","MO"
"234","0","20","20","0.4","1","0","Ternary","0","0","MO"
"235","0","20","20","0.4","1","0","Ternary","0","0","MO"
"236","0","20","20","0.4","1","0","Ternary","0","0","MO"
"237","0","20","20","0.4","1","0","Ternary","0","0","MO"
"238","0","20","20","0.4","1","0","Ternary","0","0","MO"
"239","0","20","20","0.4","1","0","Ternary","0","0","MO"
"240","0","20","20","0.4","1","0","Ternary","0","0","MO"
"241","0","40","40","0.05","0.01","0","Ternary","0","0","MO"
"242","0","40","40","0.05","0.01","0","Ternary","0","0","MO"
"243","0","40","40","0.05","0.01","0","Ternary","0","0","MO"
"244","1","40","40","0.05","0.01","0","Ternary","0","0","MO"
"245","0","40","40","0.05","0.01","0","Ternary","0","0","MO"
"246","0","40","40","0.05","0.01","0","Ternary","0","0","MO"
"247","0","40","40","0.05","0.01","0","Ternary","0","0","MO"
"248","12","40","40","0.05","0.01","0","Ternary","0","0","MO"
"249","0","40","40","0.05","0.01","0","Ternary","0","0","MO"
"250","0","40","40","0.05","0.01","0","Ternary","0","0","MO"
"251","0","40","40","0.05","0.01","0","Ternary","0","0","MO"
"252","0","40","40","0.05","0.01","0","Ternary","0","0","MO"
"253","1","40","40","0.05","0.01","0","Ternary","0","0","MO"
"254","0","40","40","0.05","0.01","0","Ternary","0","0","MO"
"255","0","40","40","0.05","0.01","0","Ternary","0","0","MO"
"256","0","40","40","0.05","0.01","0","Ternary","0","0","MO"
"257","0","40","40","0.05","0.01","0","Ternary","0","0","MO"
"258","0","40","40","0.05","0.01","0","Ternary","0","0","MO"
"259","0","40","40","0.05","0.01","0","Ternary","0","0","MO"
"260","0","40","40","0.05","0.01","0","Ternary","0","0","MO"
"261","0","40","40","0.05","0.1","0","Ternary","0","0","MO"
"262","0","40","40","0.05","0.1","0","Ternary","0","0","MO"
"263","0","40","40","0.05","0.1","0","Ternary","0","0","MO"
"264","0","40","40","0.05","0.1","0","Ternary","0","0","MO"
"265","0","40","40","0.05","0.1","0","Ternary","0","0","MO"
"266","0","40","40","0.05","0.1","0","Ternary","0","0","MO"
"267","0","40","40","0.05","0.1","0","Ternary","0","0","MO"
"268","3","40","40","0.05","0.1","0","Ternary","0","0","MO"
"269","0","40","40","0.05","0.1","0","Ternary","0","0","MO"
"270","0","40","40","0.05","0.1","0","Ternary","0","0","MO"
"271","0","40","40","0.05","0.1","0","Ternary","0","0","MO"
"272","0","40","40","0.05","0.1","0","Ternary","0","0","MO"
"273","0","40","40","0.05","0.1","0","Ternary","0","0","MO"
"274","0","40","40","0.05","0.1","0","Ternary","0","0","MO"
"275","0","40","40","0.05","0.1","0","Ternary","0","0","MO"
"276","0","40","40","0.05","0.1","0","Ternary","0","0","MO"
"277","0","40","40","0.05","0.1","0","Ternary","0","0","MO"
"278","0","40","40","0.05","0.1","0","Ternary","0","0","MO"
"279","0","40","40","0.05","0.1","0","Ternary","0","0","MO"
"280","0","40","40","0.05","0.1","0","Ternary","0","0","MO"
"281","0","40","40","0.05","1","0","Ternary","0","0","MO"
"282","0","40","40","0.05","1","0","Ternary","0","0","MO"
"283","0","40","40","0.05","1","0","Ternary","0","0","MO"
"284","0","40","40","0.05","1","0","Ternary","0","0","MO"
"285","0","40","40","0.05","1","0","Ternary","0","0","MO"
"286","0","40","40","0.05","1","0","Ternary","0","0","MO"
"287","0","40","40","0.05","1","0","Ternary","0","0","MO"
"288","0","40","40","0.05","1","0","Ternary","0","0","MO"
"289","0","40","40","0.05","1","0","Ternary","0","0","MO"
"290","0","40","40","0.05","1","0","Ternary","0","0","MO"
"291","0","40","40","0.05","1","0","Ternary","0","0","MO"
"292","0","40","40","0.05","1","0","Ternary","0","0","MO"
"293","0","40","40","0.05","1","0","Ternary","0","0","MO"
"294","0","40","40","0.05","1","0","Ternary","0","0","MO"
"295","0","40","40","0.05","1","0","Ternary","0","0","MO"
"296","0","40","40","0.05","1","0","Ternary","0","0","MO"
"297","0","40","40","0.05","1","0","Ternary","0","0","MO"
"298","0","40","40","0.05","1","0","Ternary","0","0","MO"
"299","0","40","40","0.05","1","0","Ternary","0","0","MO"
"300","0","40","40","0.05","1","0","Ternary","0","0","MO"
"301","0","40","40","0.1","0.01","0","Ternary","0","0","MO"
"302","0","40","40","0.1","0.01","0","Ternary","0","0","MO"
"303","0","40","40","0.1","0.01","0","Ternary","0","0","MO"
"304","0","40","40","0.1","0.01","0","Ternary","0","0","MO"
"305","0","40","40","0.1","0.01","0","Ternary","0","0","MO"
"306","0","40","40","0.1","0.01","0","Ternary","0","0","MO"
"307","0","40","40","0.1","0.01","0","Ternary","0","0","MO"
"308","9","40","40","0.1","0.01","0","Ternary","0","0","MO"
"309","0","40","40","0.1","0.01","0","Ternary","0","0","MO"
"310","0","40","40","0.1","0.01","0","Ternary","0","0","MO"
"311","0","40","40","0.1","0.01","0","Ternary","0","0","MO"
"312","0","40","40","0.1","0.01","0","Ternary","0","0","MO"
"313","0","40","40","0.1","0.01","0","Ternary","0","0","MO"
"314","0","40","40","0.1","0.01","0","Ternary","0","0","MO"
"315","0","40","40","0.1","0.01","0","Ternary","0","0","MO"
"316","0","40","40","0.1","0.01","0","Ternary","0","0","MO"
"317","0","40","40","0.1","0.01","0","Ternary","0","0","MO"
"318","0","40","40","0.1","0.01","0","Ternary","0","0","MO"
"319","4","40","40","0.1","0.01","0","Ternary","0","0","MO"
"320","0","40","40","0.1","0.01","0","Ternary","0","0","MO"
"321","0","40","40","0.1","0.1","0","Ternary","0","0","MO"
"322","0","40","40","0.1","0.1","0","Ternary","0","0","MO"
"323","0","40","40","0.1","0.1","0","Ternary","0","0","MO"
"324","0","40","40","0.1","0.1","0","Ternary","0","0","MO"
"325","0","40","40","0.1","0.1","0","Ternary","0","0","MO"
"326","0","40","40","0.1","0.1","0","Ternary","0","0","MO"
"327","0","40","40","0.1","0.1","0","Ternary","0","0","MO"
"328","3","40","40","0.1","0.1","0","Ternary","0","0","MO"
"329","0","40","40","0.1","0.1","0","Ternary","0","0","MO"
"330","0","40","40","0.1","0.1","0","Ternary","0","0","MO"
"331","0","40","40","0.1","0.1","0","Ternary","0","0","MO"
"332","0","40","40","0.1","0.1","0","Ternary","0","0","MO"
"333","0","40","40","0.1","0.1","0","Ternary","0","0","MO"
"334","0","40","40","0.1","0.1","0","Ternary","0","0","MO"
"335","0","40","40","0.1","0.1","0","Ternary","0","0","MO"
"336","0","40","40","0.1","0.1","0","Ternary","0","0","MO"
"337","0","40","40","0.1","0.1","0","Ternary","0","0","MO"
"338","0","40","40","0.1","0.1","0","Ternary","0","0","MO"
"339","1","40","40","0.1","0.1","0","Ternary","0","0","MO"
"340","0","40","40","0.1","0.1","0","Ternary","0","0","MO"
"341","0","40","40","0.1","1","0","Ternary","0","0","MO"
"342","0","40","40","0.1","1","0","Ternary","0","0","MO"
"343","0","40","40","0.1","1","0","Ternary","0","0","MO"
"344","0","40","40","0.1","1","0","Ternary","0","0","MO"
"345","0","40","40","0.1","1","0","Ternary","0","0","MO"
"346","0","40","40","0.1","1","0","Ternary","0","0","MO"
"347","0","40","40","0.1","1","0","Ternary","0","0","MO"
"348","0","40","40","0.1","1","0","Ternary","0","0","MO"
"349","0","40","40","0.1","1","0","Ternary","0","0","MO"
"350","0","40","40","0.1","1","0","Ternary","0","0","MO"
"351","0","40","40","0.1","1","0","Ternary","0","0","MO"
"352","0","40","40","0.1","1","0","Ternary","0","0","MO"
"353","0","40","40","0.1","1","0","Ternary","0","0","MO"
"354","0","40","40","0.1","1","0","Ternary","0","0","MO"
"355","0","40","40","0.1","1","0","Ternary","0","0","MO"
"356","0","40","40","0.1","1","0","Ternary","0","0","MO"
"357","0","40","40","0.1","1","0","Ternary","0","0","MO"
"358","0","40","40","0.1","1","0","Ternary","0","0","MO"
"359","0","40","40","0.1","1","0","Ternary","0","0","MO"
"360","0","40","40","0.1","1","0","Ternary","0","0","MO"
"361","0","40","40","0.2","0.01","0","Ternary","0","0","MO"
"362","0","40","40","0.2","0.01","0","Ternary","0","0","MO"
"363","0","40","40","0.2","0.01","0","Ternary","0","0","MO"
"364","0","40","40","0.2","0.01","0","Ternary","0","0","MO"
"365","0","40","40","0.2","0.01","0","Ternary","0","0","MO"
"366","0","40","40","0.2","0.01","0","Ternary","0","0","MO"
"367","0","40","40","0.2","0.01","0","Ternary","0","0","MO"
"368","9","40","40","0.2","0.01","0","Ternary","0","0","MO"
"369","0","40","40","0.2","0.01","0","Ternary","0","0","MO"
"370","0","40","40","0.2","0.01","0","Ternary","0","0","MO"
"371","0","40","40","0.2","0.01","0","Ternary","0","0","MO"
"372","0","40","40","0.2","0.01","0","Ternary","0","0","MO"
"373","0","40","40","0.2","0.01","0","Ternary","0","0","MO"
"374","0","40","40","0.2","0.01","0","Ternary","0","0","MO"
"375","0","40","40","0.2","0.01","0","Ternary","0","0","MO"
"376","0","40","40","0.2","0.01","0","Ternary","0","0","MO"
"377","0","40","40","0.2","0.01","0","Ternary","0","0","MO"
"378","0","40","40","0.2","0.01","0","Ternary","0","0","MO"
"379","2","40","40","0.2","0.01","0","Ternary","0","0","MO"
"380","0","40","40","0.2","0.01","0","Ternary","0","0","MO"
"381","0","40","40","0.2","0.1","0","Ternary","0","0","MO"
"382","0","40","40","0.2","0.1","0","Ternary","0","0","MO"
"383","0","40","40","0.2","0.1","0","Ternary","0","0","MO"
"384","0","40","40","0.2","0.1","0","Ternary","0","0","MO"
"385","0","40","40","0.2","0.1","0","Ternary","0","0","MO"
"386","0","40","40","0.2","0.1","0","Ternary","0","0","MO"
"387","0","40","40","0.2","0.1","0","Ternary","0","0","MO"
"388","2","40","40","0.2","0.1","0","Ternary","0","0","MO"
"389","0","40","40","0.2","0.1","0","Ternary","0","0","MO"
"390","0","40","40","0.2","0.1","0","Ternary","0","0","MO"
"391","0","40","40","0.2","0.1","0","Ternary","0","0","MO"
"392","0","40","40","0.2","0.1","0","Ternary","0","0","MO"
"393","0","40","40","0.2","0.1","0","Ternary","0","0","MO"
"394","0","40","40","0.2","0.1","0","Ternary","0","0","MO"
"395","0","40","40","0.2","0.1","0","Ternary","0","0","MO"
"396","0","40","40","0.2","0.1","0","Ternary","0","0","MO"
"397","0","40","40","0.2","0.1","0","Ternary","0","0","MO"
"398","0","40","40","0.2","0.1","0","Ternary","0","0","MO"
"399","0","40","40","0.2","0.1","0","Ternary","0","0","MO"
"400","0","40","40","0.2","0.1","0","Ternary","0","0","MO"
"401","0","40","40","0.2","1","0","Ternary","0","0","MO"
"402","0","40","40","0.2","1","0","Ternary","0","0","MO"
"403","0","40","40","0.2","1","0","Ternary","0","0","MO"
"404","0","40","40","0.2","1","0","Ternary","0","0","MO"
"405","0","40","40","0.2","1","0","Ternary","0","0","MO"
"406","0","40","40","0.2","1","0","Ternary","0","0","MO"
"407","0","40","40","0.2","1","0","Ternary","0","0","MO"
"408","0","40","40","0.2","1","0","Ternary","0","0","MO"
"409","0","40","40","0.2","1","0","Ternary","0","0","MO"
"410","0","40","40","0.2","1","0","Ternary","0","0","MO"
"411","0","40","40","0.2","1","0","Ternary","0","0","MO"
"412","0","40","40","0.2","1","0","Ternary","0","0","MO"
"413","0","40","40","0.2","1","0","Ternary","0","0","MO"
"414","0","40","40","0.2","1","0","Ternary","0","0","MO"
"415","0","40","40","0.2","1","0","Ternary","0","0","MO"
"416","0","40","40","0.2","1","0","Ternary","0","0","MO"
"417","0","40","40","0.2","1","0","Ternary","0","0","MO"
"418","0","40","40","0.2","1","0","Ternary","0","0","MO"
"419","0","40","40","0.2","1","0","Ternary","0","0","MO"
"420","0","40","40","0.2","1","0","Ternary","0","0","MO"
"421","0","40","40","0.4","0.01","0","Ternary","0","0","MO"
"422","0","40","40","0.4","0.01","0","Ternary","0","0","MO"
"423","0","40","40","0.4","0.01","0","Ternary","0","0","MO"
"424","0","40","40","0.4","0.01","0","Ternary","0","0","MO"
"425","0","40","40","0.4","0.01","0","Ternary","0","0","MO"
"426","0","40","40","0.4","0.01","0","Ternary","0","0","MO"
"427","0","40","40","0.4","0.01","0","Ternary","0","0","MO"
"428","0","40","40","0.4","0.01","0","Ternary","0","0","MO"
"429","0","40","40","0.4","0.01","0","Ternary","0","0","MO"
"430","0","40","40","0.4","0.01","0","Ternary","0","0","MO"
"431","0","40","40","0.4","0.01","0","Ternary","0","0","MO"
"432","0","40","40","0.4","0.01","0","Ternary","0","0","MO"
"433","0","40","40","0.4","0.01","0","Ternary","0","0","MO"
"434","0","40","40","0.4","0.01","0","Ternary","0","0","MO"
"435","0","40","40","0.4","0.01","0","Ternary","0","0","MO"
"436","0","40","40","0.4","0.01","0","Ternary","0","0","MO"
"437","0","40","40","0.4","0.01","0","Ternary","0","0","MO"
"438","0","40","40","0.4","0.01","0","Ternary","0","0","MO"
"439","0","40","40","0.4","0.01","0","Ternary","0","0","MO"
"440","0","40","40","0.4","0.01","0","Ternary","0","0","MO"
"441","0","40","40","0.4","0.1","0","Ternary","0","0","MO"
"442","0","40","40","0.4","0.1","0","Ternary","0","0","MO"
"443","0","40","40","0.4","0.1","0","Ternary","0","0","MO"
"444","0","40","40","0.4","0.1","0","Ternary","0","0","MO"
"445","0","40","40","0.4","0.1","0","Ternary","0","0","MO"
"446","0","40","40","0.4","0.1","0","Ternary","0","0","MO"
"447","0","40","40","0.4","0.1","0","Ternary","0","0","MO"
"448","0","40","40","0.4","0.1","0","Ternary","0","0","MO"
"449","0","40","40","0.4","0.1","0","Ternary","0","0","MO"
"450","0","40","40","0.4","0.1","0","Ternary","0","0","MO"
"451","0","40","40","0.4","0.1","0","Ternary","0","0","MO"
"452","0","40","40","0.4","0.1","0","Ternary","0","0","MO"
"453","0","40","40","0.4","0.1","0","Ternary","0","0","MO"
"454","0","40","40","0.4","0.1","0","Ternary","0","0","MO"
"455","0","40","40","0.4","0.1","0","Ternary","0","0","MO"
"456","0","40","40","0.4","0.1","0","Ternary","0","0","MO"
"457","0","40","40","0.4","0.1","0","Ternary","0","0","MO"
"458","0","40","40","0.4","0.1","0","Ternary","0","0","MO"
"459","0","40","40","0.4","0.1","0","Ternary","0","0","MO"
"460","0","40","40","0.4","0.1","0","Ternary","0","0","MO"
"461","0","40","40","0.4","1","0","Ternary","0","0","MO"
"462","0","40","40","0.4","1","0","Ternary","0","0","MO"
"463","0","40","40","0.4","1","0","Ternary","0","0","MO"
"464","0","40","40","0.4","1","0","Ternary","0","0","MO"
"465","0","40","40","0.4","1","0","Ternary","0","0","MO"
"466","0","40","40","0.4","1","0","Ternary","0","0","MO"
"467","0","40","40","0.4","1","0","Ternary","0","0","MO"
"468","0","40","40","0.4","1","0","Ternary","0","0","MO"
"469","0","40","40","0.4","1","0","Ternary","0","0","MO"
"470","0","40","40","0.4","1","0","Ternary","0","0","MO"
"471","0","40","40","0.4","1","0","Ternary","0","0","MO"
"472","0","40","40","0.4","1","0","Ternary","0","0","MO"
"473","0","40","40","0.4","1","0","Ternary","0","0","MO"
"474","0","40","40","0.4","1","0","Ternary","0","0","MO"
"475","0","40","40","0.4","1","0","Ternary","0","0","MO"
"476","0","40","40","0.4","1","0","Ternary","0","0","MO"
"477","0","40","40","0.4","1","0","Ternary","0","0","MO"
"478","0","40","40","0.4","1","0","Ternary","0","0","MO"
"479","0","40","40","0.4","1","0","Ternary","0","0","MO"
"480","0","40","40","0.4","1","0","Ternary","0","0","MO"
"481","0","80","80","0.05","0.01","0","Ternary","0","0","MO"
"482","0","80","80","0.05","0.01","0","Ternary","0","0","MO"
"483","9","80","80","0.05","0.01","0","Ternary","0","0","MO"
"484","0","80","80","0.05","0.01","0","Ternary","0","0","MO"
"485","0","80","80","0.05","0.01","0","Ternary","0","0","MO"
"486","0","80","80","0.05","0.01","0","Ternary","0","0","MO"
"487","0","80","80","0.05","0.01","0","Ternary","0","0","MO"
"488","5","80","80","0.05","0.01","0","Ternary","0","0","MO"
"489","0","80","80","0.05","0.01","0","Ternary","0","0","MO"
"490","0","80","80","0.05","0.01","0","Ternary","0","0","MO"
"491","0","80","80","0.05","0.01","0","Ternary","0","0","MO"
"492","2","80","80","0.05","0.01","0","Ternary","0","0","MO"
"493","1","80","80","0.05","0.01","0","Ternary","0","0","MO"
"494","0","80","80","0.05","0.01","0","Ternary","0","0","MO"
"495","0","80","80","0.05","0.01","0","Ternary","0","0","MO"
"496","1","80","80","0.05","0.01","0","Ternary","0","0","MO"
"497","0","80","80","0.05","0.01","0","Ternary","0","0","MO"
"498","0","80","80","0.05","0.01","0","Ternary","0","0","MO"
"499","0","80","80","0.05","0.01","0","Ternary","0","0","MO"
"500","0","80","80","0.05","0.01","0","Ternary","0","0","MO"
"501","0","80","80","0.05","0.1","0","Ternary","0","0","MO"
"502","0","80","80","0.05","0.1","0","Ternary","0","0","MO"
"503","2","80","80","0.05","0.1","0","Ternary","0","0","MO"
"504","0","80","80","0.05","0.1","0","Ternary","0","0","MO"
"505","0","80","80","0.05","0.1","0","Ternary","0","0","MO"
"506","0","80","80","0.05","0.1","0","Ternary","0","0","MO"
"507","1","80","80","0.05","0.1","0","Ternary","0","0","MO"
"508","2","80","80","0.05","0.1","0","Ternary","0","0","MO"
"509","0","80","80","0.05","0.1","0","Ternary","0","0","MO"
"510","0","80","80","0.05","0.1","0","Ternary","0","0","MO"
"511","0","80","80","0.05","0.1","0","Ternary","0","0","MO"
"512","1","80","80","0.05","0.1","0","Ternary","0","0","MO"
"513","0","80","80","0.05","0.1","0","Ternary","0","0","MO"
"514","0","80","80","0.05","0.1","0","Ternary","0","0","MO"
"515","0","80","80","0.05","0.1","0","Ternary","0","0","MO"
"516","0","80","80","0.05","0.1","0","Ternary","0","0","MO"
"517","0","80","80","0.05","0.1","0","Ternary","0","0","MO"
"518","0","80","80","0.05","0.1","0","Ternary","0","0","MO"
"519","0","80","80","0.05","0.1","0","Ternary","0","0","MO"
"520","0","80","80","0.05","0.1","0","Ternary","0","0","MO"
"521","0","80","80","0.05","1","0","Ternary","0","0","MO"
"522","0","80","80","0.05","1","0","Ternary","0","0","MO"
"523","0","80","80","0.05","1","0","Ternary","0","0","MO"
"524","0","80","80","0.05","1","0","Ternary","0","0","MO"
"525","0","80","80","0.05","1","0","Ternary","0","0","MO"
"526","0","80","80","0.05","1","0","Ternary","0","0","MO"
"527","0","80","80","0.05","1","0","Ternary","0","0","MO"
"528","0","80","80","0.05","1","0","Ternary","0","0","MO"
"529","0","80","80","0.05","1","0","Ternary","0","0","MO"
"530","0","80","80","0.05","1","0","Ternary","0","0","MO"
"531","0","80","80","0.05","1","0","Ternary","0","0","MO"
"532","0","80","80","0.05","1","0","Ternary","0","0","MO"
"533","0","80","80","0.05","1","0","Ternary","0","0","MO"
"534","0","80","80","0.05","1","0","Ternary","0","0","MO"
"535","0","80","80","0.05","1","0","Ternary","0","0","MO"
"536","0","80","80","0.05","1","0","Ternary","0","0","MO"
"537","0","80","80","0.05","1","0","Ternary","0","0","MO"
"538","0","80","80","0.05","1","0","Ternary","0","0","MO"
"539","0","80","80","0.05","1","0","Ternary","0","0","MO"
"540","0","80","80","0.05","1","0","Ternary","0","0","MO"
"541","0","80","80","0.1","0.01","0","Ternary","0","0","MO"
"542","0","80","80","0.1","0.01","0","Ternary","0","0","MO"
"543","11","80","80","0.1","0.01","0","Ternary","0","0","MO"
"544","0","80","80","0.1","0.01","0","Ternary","0","0","MO"
"545","0","80","80","0.1","0.01","0","Ternary","0","0","MO"
"546","0","80","80","0.1","0.01","0","Ternary","0","0","MO"
"547","0","80","80","0.1","0.01","0","Ternary","0","0","MO"
"548","8","80","80","0.1","0.01","0","Ternary","0","0","MO"
"549","0","80","80","0.1","0.01","0","Ternary","0","0","MO"
"550","0","80","80","0.1","0.01","0","Ternary","0","0","MO"
"551","0","80","80","0.1","0.01","0","Ternary","0","0","MO"
"552","0","80","80","0.1","0.01","0","Ternary","0","0","MO"
"553","0","80","80","0.1","0.01","0","Ternary","0","0","MO"
"554","4","80","80","0.1","0.01","0","Ternary","0","0","MO"
"555","0","80","80","0.1","0.01","0","Ternary","0","0","MO"
"556","0","80","80","0.1","0.01","0","Ternary","0","0","MO"
"557","0","80","80","0.1","0.01","0","Ternary","0","0","MO"
"558","0","80","80","0.1","0.01","0","Ternary","0","0","MO"
"559","0","80","80","0.1","0.01","0","Ternary","0","0","MO"
"560","0","80","80","0.1","0.01","0","Ternary","0","0","MO"
"561","0","80","80","0.1","0.1","0","Ternary","0","0","MO"
"562","0","80","80","0.1","0.1","0","Ternary","0","0","MO"
"563","3","80","80","0.1","0.1","0","Ternary","0","0","MO"
"564","0","80","80","0.1","0.1","0","Ternary","0","0","MO"
"565","0","80","80","0.1","0.1","0","Ternary","0","0","MO"
"566","0","80","80","0.1","0.1","0","Ternary","0","0","MO"
"567","0","80","80","0.1","0.1","0","Ternary","0","0","MO"
"568","0","80","80","0.1","0.1","0","Ternary","0","0","MO"
"569","0","80","80","0.1","0.1","0","Ternary","0","0","MO"
"570","0","80","80","0.1","0.1","0","Ternary","0","0","MO"
"571","0","80","80","0.1","0.1","0","Ternary","0","0","MO"
"572","0","80","80","0.1","0.1","0","Ternary","0","0","MO"
"573","0","80","80","0.1","0.1","0","Ternary","0","0","MO"
"574","0","80","80","0.1","0.1","0","Ternary","0","0","MO"
"575","0","80","80","0.1","0.1","0","Ternary","0","0","MO"
"576","0","80","80","0.1","0.1","0","Ternary","0","0","MO"
"577","0","80","80","0.1","0.1","0","Ternary","0","0","MO"
"578","0","80","80","0.1","0.1","0","Ternary","0","0","MO"
"579","0","80","80","0.1","0.1","0","Ternary","0","0","MO"
"580","0","80","80","0.1","0.1","0","Ternary","0","0","MO"
"581","0","80","80","0.1","1","0","Ternary","0","0","MO"
"582","0","80","80","0.1","1","0","Ternary","0","0","MO"
"583","0","80","80","0.1","1","0","Ternary","0","0","MO"
"584","0","80","80","0.1","1","0","Ternary","0","0","MO"
"585","0","80","80","0.1","1","0","Ternary","0","0","MO"
"586","0","80","80","0.1","1","0","Ternary","0","0","MO"
"587","0","80","80","0.1","1","0","Ternary","0","0","MO"
"588","0","80","80","0.1","1","0","Ternary","0","0","MO"
"589","0","80","80","0.1","1","0","Ternary","0","0","MO"
"590","0","80","80","0.1","1","0","Ternary","0","0","MO"
"591","0","80","80","0.1","1","0","Ternary","0","0","MO"
"592","0","80","80","0.1","1","0","Ternary","0","0","MO"
"593","0","80","80","0.1","1","0","Ternary","0","0","MO"
"594","0","80","80","0.1","1","0","Ternary","0","0","MO"
"595","0","80","80","0.1","1","0","Ternary","0","0","MO"
"596","0","80","80","0.1","1","0","Ternary","0","0","MO"
"597","0","80","80","0.1","1","0","Ternary","0","0","MO"
"598","0","80","80","0.1","1","0","Ternary","0","0","MO"
"599","0","80","80","0.1","1","0","Ternary","0","0","MO"
"600","0","80","80","0.1","1","0","Ternary","0","0","MO"
"601","0","80","80","0.2","0.01","0","Ternary","0","0","MO"
"602","0","80","80","0.2","0.01","0","Ternary","0","0","MO"
"603","14","80","80","0.2","0.01","0","Ternary","0","0","MO"
"604","0","80","80","0.2","0.01","0","Ternary","0","0","MO"
"605","0","80","80","0.2","0.01","0","Ternary","0","0","MO"
"606","0","80","80","0.2","0.01","0","Ternary","0","0","MO"
"607","0","80","80","0.2","0.01","0","Ternary","0","0","MO"
"608","13","80","80","0.2","0.01","0","Ternary","0","0","MO"
"609","0","80","80","0.2","0.01","0","Ternary","0","0","MO"
"610","0","80","80","0.2","0.01","0","Ternary","0","0","MO"
"611","0","80","80","0.2","0.01","0","Ternary","0","0","MO"
"612","0","80","80","0.2","0.01","0","Ternary","0","0","MO"
"613","0","80","80","0.2","0.01","0","Ternary","0","0","MO"
"614","1","80","80","0.2","0.01","0","Ternary","0","0","MO"
"615","0","80","80","0.2","0.01","0","Ternary","0","0","MO"
"616","0","80","80","0.2","0.01","0","Ternary","0","0","MO"
"617","0","80","80","0.2","0.01","0","Ternary","0","0","MO"
"618","0","80","80","0.2","0.01","0","Ternary","0","0","MO"
"619","0","80","80","0.2","0.01","0","Ternary","0","0","MO"
"620","0","80","80","0.2","0.01","0","Ternary","0","0","MO"
"621","0","80","80","0.2","0.1","0","Ternary","0","0","MO"
"622","0","80","80","0.2","0.1","0","Ternary","0","0","MO"
"623","3","80","80","0.2","0.1","0","Ternary","0","0","MO"
"624","0","80","80","0.2","0.1","0","Ternary","0","0","MO"
"625","0","80","80","0.2","0.1","0","Ternary","0","0","MO"
"626","0","80","80","0.2","0.1","0","Ternary","0","0","MO"
"627","0","80","80","0.2","0.1","0","Ternary","0","0","MO"
"628","1","80","80","0.2","0.1","0","Ternary","0","0","MO"
"629","0","80","80","0.2","0.1","0","Ternary","0","0","MO"
"630","0","80","80","0.2","0.1","0","Ternary","0","0","MO"
"631","0","80","80","0.2","0.1","0","Ternary","0","0","MO"
"632","0","80","80","0.2","0.1","0","Ternary","0","0","MO"
"633","0","80","80","0.2","0.1","0","Ternary","0","0","MO"
"634","1","80","80","0.2","0.1","0","Ternary","0","0","MO"
"635","0","80","80","0.2","0.1","0","Ternary","0","0","MO"
"636","0","80","80","0.2","0.1","0","Ternary","0","0","MO"
"637","0","80","80","0.2","0.1","0","Ternary","0","0","MO"
"638","0","80","80","0.2","0.1","0","Ternary","0","0","MO"
"639","0","80","80","0.2","0.1","0","Ternary","0","0","MO"
"640","0","80","80","0.2","0.1","0","Ternary","0","0","MO"
"641","0","80","80","0.2","1","0","Ternary","0","0","MO"
"642","0","80","80","0.2","1","0","Ternary","0","0","MO"
"643","0","80","80","0.2","1","0","Ternary","0","0","MO"
"644","0","80","80","0.2","1","0","Ternary","0","0","MO"
"645","0","80","80","0.2","1","0","Ternary","0","0","MO"
"646","0","80","80","0.2","1","0","Ternary","0","0","MO"
"647","0","80","80","0.2","1","0","Ternary","0","0","MO"
"648","0","80","80","0.2","1","0","Ternary","0","0","MO"
"649","0","80","80","0.2","1","0","Ternary","0","0","MO"
"650","0","80","80","0.2","1","0","Ternary","0","0","MO"
"651","0","80","80","0.2","1","0","Ternary","0","0","MO"
"652","0","80","80","0.2","1","0","Ternary","0","0","MO"
"653","0","80","80","0.2","1","0","Ternary","0","0","MO"
"654","0","80","80","0.2","1","0","Ternary","0","0","MO"
"655","0","80","80","0.2","1","0","Ternary","0","0","MO"
"656","0","80","80","0.2","1","0","Ternary","0","0","MO"
"657","0","80","80","0.2","1","0","Ternary","0","0","MO"
"658","0","80","80","0.2","1","0","Ternary","0","0","MO"
"659","0","80","80","0.2","1","0","Ternary","0","0","MO"
"660","0","80","80","0.2","1","0","Ternary","0","0","MO"
"661","0","80","80","0.4","0.01","0","Ternary","0","0","MO"
"662","0","80","80","0.4","0.01","0","Ternary","0","0","MO"
"663","0","80","80","0.4","0.01","0","Ternary","0","0","MO"
"664","0","80","80","0.4","0.01","0","Ternary","0","0","MO"
"665","0","80","80","0.4","0.01","0","Ternary","0","0","MO"
"666","0","80","80","0.4","0.01","0","Ternary","0","0","MO"
"667","0","80","80","0.4","0.01","0","Ternary","0","0","MO"
"668","0","80","80","0.4","0.01","0","Ternary","0","0","MO"
"669","0","80","80","0.4","0.01","0","Ternary","0","0","MO"
"670","0","80","80","0.4","0.01","0","Ternary","0","0","MO"
"671","0","80","80","0.4","0.01","0","Ternary","0","0","MO"
"672","0","80","80","0.4","0.01","0","Ternary","0","0","MO"
"673","0","80","80","0.4","0.01","0","Ternary","0","0","MO"
"674","2","80","80","0.4","0.01","0","Ternary","0","0","MO"
"675","0","80","80","0.4","0.01","0","Ternary","0","0","MO"
"676","0","80","80","0.4","0.01","0","Ternary","0","0","MO"
"677","0","80","80","0.4","0.01","0","Ternary","0","0","MO"
"678","0","80","80","0.4","0.01","0","Ternary","0","0","MO"
"679","1","80","80","0.4","0.01","0","Ternary","0","0","MO"
"680","0","80","80","0.4","0.01","0","Ternary","0","0","MO"
"681","0","80","80","0.4","0.1","0","Ternary","0","0","MO"
"682","0","80","80","0.4","0.1","0","Ternary","0","0","MO"
"683","0","80","80","0.4","0.1","0","Ternary","0","0","MO"
"684","0","80","80","0.4","0.1","0","Ternary","0","0","MO"
"685","1","80","80","0.4","0.1","0","Ternary","0","0","MO"
"686","0","80","80","0.4","0.1","0","Ternary","0","0","MO"
"687","0","80","80","0.4","0.1","0","Ternary","0","0","MO"
"688","0","80","80","0.4","0.1","0","Ternary","0","0","MO"
"689","0","80","80","0.4","0.1","0","Ternary","0","0","MO"
"690","0","80","80","0.4","0.1","0","Ternary","0","0","MO"
"691","0","80","80","0.4","0.1","0","Ternary","0","0","MO"
"692","0","80","80","0.4","0.1","0","Ternary","0","0","MO"
"693","0","80","80","0.4","0.1","0","Ternary","0","0","MO"
"694","0","80","80","0.4","0.1","0","Ternary","0","0","MO"
"695","0","80","80","0.4","0.1","0","Ternary","0","0","MO"
"696","0","80","80","0.4","0.1","0","Ternary","0","0","MO"
"697","0","80","80","0.4","0.1","0","Ternary","0","0","MO"
"698","0","80","80","0.4","0.1","0","Ternary","0","0","MO"
"699","0","80","80","0.4","0.1","0","Ternary","0","0","MO"
"700","0","80","80","0.4","0.1","0","Ternary","0","0","MO"
"701","0","80","80","0.4","1","0","Ternary","0","0","MO"
"702","0","80","80","0.4","1","0","Ternary","0","0","MO"
"703","0","80","80","0.4","1","0","Ternary","0","0","MO"
"704","0","80","80","0.4","1","0","Ternary","0","0","MO"
"705","0","80","80","0.4","1","0","Ternary","0","0","MO"
"706","0","80","80","0.4","1","0","Ternary","0","0","MO"
"707","0","80","80","0.4","1","0","Ternary","0","0","MO"
"708","0","80","80","0.4","1","0","Ternary","0","0","MO"
"709","0","80","80","0.4","1","0","Ternary","0","0","MO"
"710","0","80","80","0.4","1","0","Ternary","0","0","MO"
"711","0","80","80","0.4","1","0","Ternary","0","0","MO"
"712","0","80","80","0.4","1","0","Ternary","0","0","MO"
"713","0","80","80","0.4","1","0","Ternary","0","0","MO"
"714","0","80","80","0.4","1","0","Ternary","0","0","MO"
"715","0","80","80","0.4","1","0","Ternary","0","0","MO"
"716","0","80","80","0.4","1","0","Ternary","0","0","MO"
"717","0","80","80","0.4","1","0","Ternary","0","0","MO"
"718","0","80","80","0.4","1","0","Ternary","0","0","MO"
"719","0","80","80","0.4","1","0","Ternary","0","0","MO"
"720","0","80","80","0.4","1","0","Ternary","0","0","MO"
